Team,Position,Jersey Number,First Name,Last Name,Full Name,Player Link
Men,Goalkeepers,1,Altay,Bayindir,Altay Bayindir,https://www.manutd.com/en/players-and-staff/detail/altay-bayindir
Men,Goalkeepers,22,Tom,Heaton,Tom Heaton,https://www.manutd.com/en/players-and-staff/detail/tom-heaton
Men,Goalkeepers,24,Andre,Onana,Andre Onana,https://www.manutd.com/en/players-and-staff/detail/andre-onana
Men,Defenders,2,Victor,Lindelof,Victor Lindelof,https://www.manutd.com/en/players-and-staff/detail/victor-lindelof
Men,Defenders,5,Harry,Maguire,Harry Maguire,https://www.manutd.com/en/players-and-staff/detail/harry-maguire
Men,Defenders,6,Lisandro,Martinez,Lisandro Martinez,https://www.manutd.com/en/players-and-staff/detail/lisandro-martinez
Men,Defenders,12,Tyrell,Malacia,Tyrell Malacia,https://www.manutd.com/en/players-and-staff/detail/tyrell-malacia
Men,Defenders,19,Raphael,Varane,Raphael Varane,https://www.manutd.com/en/players-and-staff/detail/raphael-varane
Men,Defenders,20,Diogo,Dalot,Diogo Dalot,https://www.manutd.com/en/players-and-staff/detail/diogo-dalot
Men,Defenders,23,Luke,Shaw,Luke Shaw,https://www.manutd.com/en/players-and-staff/detail/luke-shaw
Men,Defenders,29,Aaron,Wan-Bissaka,Aaron Wan-Bissaka,https://www.manutd.com/en/players-and-staff/detail/aaron-wan-bissaka
Men,Defenders,33,Brandon,Williams,Brandon Williams,https://www.manutd.com/en/players-and-staff/detail/brandon-williams
Men,Defenders,35,Jonny,Evans,Jonny Evans,https://www.manutd.com/en/players-and-staff/detail/jonny-evans
Men,Defenders,53,Willy,Kambwala,Willy Kambwala,https://www.manutd.com/en/players-and-staff/detail/willy-kambwala-first-team-profile
Men,Midfielders,4,Sofyan,Amrabat,Sofyan Amrabat,https://www.manutd.com/en/players-and-staff/detail/sofyan-amrabat
Men,Midfielders,7,Mason,Mount,Mason Mount,https://www.manutd.com/en/players-and-staff/detail/mason-mount
Men,Midfielders,8,Bruno,Fernandes,Bruno Fernandes,https://www.manutd.com/en/players-and-staff/detail/bruno-fernandes
Men,Midfielders,14,Christian,Eriksen,Christian Eriksen,https://www.manutd.com/en/players-and-staff/detail/christian-eriksen
Men,Midfielders,16,Amad,,Amad ,https://www.manutd.com/en/players-and-staff/detail/amad-diallo
Men,Midfielders,18,Casemiro,,Casemiro ,https://www.manutd.com/en/players-and-staff/detail/casemiro
Men,Midfielders,28,Facundo,Pellistri,Facundo Pellistri,https://www.manutd.com/en/players-and-staff/detail/facundo-pellistri
Men,Midfielders,34,Donny,van de Beek,Donny van de Beek,https://www.manutd.com/en/players-and-staff/detail/donny-van-de-beek
Men,Midfielders,37,Kobbie,Mainoo,Kobbie Mainoo,https://www.manutd.com/en/players-and-staff/detail/kobbie-mainoo-mens-team
Men,Midfielders,39,Scott,McTominay,Scott McTominay,https://www.manutd.com/en/players-and-staff/detail/scott-mctominay
Men,Midfielders,44,Daniel,Gore,Daniel Gore,https://www.manutd.com/en/players-and-staff/detail/daniel-gore-first-team
Men,Midfielders,46,,Hannibal, Hannibal,https://www.manutd.com/en/players-and-staff/detail/hannibal-mejbri
Men,Midfielders,62,Omari,Forson,Omari Forson,https://www.manutd.com/en/players-and-staff/detail/omari-forson
Men,Forwards,9,Anthony,Martial,Anthony Martial,https://www.manutd.com/en/players-and-staff/detail/anthony-martial
Men,Forwards,10,Marcus,Rashford,Marcus Rashford,https://www.manutd.com/en/players-and-staff/detail/marcus-rashford
Men,Forwards,11,Rasmus,Hojlund,Rasmus Hojlund,https://www.manutd.com/en/players-and-staff/detail/rasmus-hojlund
Men,Forwards,17,Alejandro,Garnacho,Alejandro Garnacho,https://www.manutd.com/en/players-and-staff/detail/alejandro-garnacho
Men,Forwards,21,Antony,,Antony ,https://www.manutd.com/en/players-and-staff/detail/antony
Men,Forwards,25,Jadon,Sancho,Jadon Sancho,https://www.manutd.com/en/players-and-staff/detail/jadon-sancho
Men,Forwards,47,Shola,Shoretire,Shola Shoretire,https://www.manutd.com/en/players-and-staff/detail/shola-shoretire
Men,Forwards,,Mason,Greenwood,Mason Greenwood,https://www.manutd.com/en/players-and-staff/detail/mason-greenwood
Women,Goalkeepers,27,Mary,Earps,Mary Earps,https://www.manutd.com/en/players-and-staff/detail/mary-earps
Women,Goalkeepers,91,Phallon,Tullis-Joyce,Phallon Tullis-Joyce,https://www.manutd.com/en/players-and-staff/detail/phallon-tullis-joyce
Women,Defenders,3,Gabby,George,Gabby George,https://www.manutd.com/en/players-and-staff/detail/gabby-george
Women,Defenders,4,Maya,Le Tissier,Maya Le Tissier,https://www.manutd.com/en/players-and-staff/detail/maya-le-tissier
Women,Defenders,5,Aoife,Mannion,Aoife Mannion,https://www.manutd.com/en/players-and-staff/detail/aoife-mannion
Women,Defenders,6,Hannah,Blundell,Hannah Blundell,https://www.manutd.com/en/players-and-staff/detail/hannah-blundell
Women,Defenders,14,Jayde,Riviere,Jayde Riviere,https://www.manutd.com/en/players-and-staff/detail/jayde-riviere
Women,Defenders,15,Gemma,Evans,Gemma Evans,https://www.manutd.com/en/players-and-staff/detail/gemma-evans
Women,Defenders,21,Millie,Turner,Millie Turner,https://www.manutd.com/en/players-and-staff/detail/millie-turner
Women,Defenders,25,Evie,Rabjohn,Evie Rabjohn,https://www.manutd.com/en/players-and-staff/detail/evie-rabjohn
Women,Midfielders,7,Ella,Toone,Ella Toone,https://www.manutd.com/en/players-and-staff/detail/ella-toone
Women,Midfielders,8,Irene,Guerrero,Irene Guerrero,https://www.manutd.com/en/players-and-staff/detail/irene-guerrero
Women,Midfielders,10,Katie,Zelem,Katie Zelem,https://www.manutd.com/en/players-and-staff/detail/katie-zelem
Women,Midfielders,11,Leah,Galton,Leah Galton,https://www.manutd.com/en/players-and-staff/detail/leah-galton
Women,Midfielders,12,Hayley,Ladd,Hayley Ladd,https://www.manutd.com/en/players-and-staff/detail/hayley-ladd
Women,Midfielders,16,Lisa,Naalsund,Lisa Naalsund,https://www.manutd.com/en/players-and-staff/detail/lisa-naalsund
Women,Midfielders,20,Hinata,Miyazawa,Hinata Miyazawa,https://www.manutd.com/en/players-and-staff/detail/hinata-miyazawa
Women,Midfielders,26,Grace,Clinton,Grace Clinton,https://www.manutd.com/en/players-and-staff/detail/grace-clinton
Women,Midfielders,34,Emma,Watson,Emma Watson,https://www.manutd.com/en/players-and-staff/detail/emma-watson
Women,Forwards,9,Melvine,Malard,Melvine Malard,https://www.manutd.com/en/players-and-staff/detail/melvine-malard
Women,Forwards,17,Lucia,Garcia,Lucia Garcia,https://www.manutd.com/en/players-and-staff/detail/lucia-garcia
Women,Forwards,22,Nikita,Parris,Nikita Parris,https://www.manutd.com/en/players-and-staff/detail/nikita-parris
Women,Forwards,23,Geyse,Da Silva Ferreira,Geyse Da Silva Ferreira,https://www.manutd.com/en/players-and-staff/detail/geyse-da-silva-ferreira
Women,Forwards,28,Rachel,Williams,Rachel Williams,https://www.manutd.com/en/players-and-staff/detail/rachel-williams
Under-21s,Goalkeepers,,Dermot,Mee,Dermot Mee,https://www.manutd.com/en/players-and-staff/detail/dermot-mee
Under-21s,Goalkeepers,,Radek,Vitek,Radek Vitek,https://www.manutd.com/en/players-and-staff/detail/radek-vitek
Under-21s,Goalkeepers,,Tom,Wooster,Tom Wooster,https://www.manutd.com/en/players-and-staff/detail/tom-wooster
Under-21s,Defenders,48,Will,Fish,Will Fish,https://www.manutd.com/en/players-and-staff/detail/william-fish
Under-21s,Defenders,53,Willy,Kambwala,Willy Kambwala,https://www.manutd.com/en/players-and-staff/detail/willy-kambwala
Under-21s,Defenders,66,Rhys,Bennett,Rhys Bennett,https://www.manutd.com/en/players-and-staff/detail/rhys-bennett
Under-21s,Defenders,80,Tyler,Fredricson,Tyler Fredricson,https://www.manutd.com/en/players-and-staff/detail/tyler-fredricson
Under-21s,Defenders,,Sam,Murray,Sam Murray,https://www.manutd.com/en/players-and-staff/detail/sam-murray
Under-21s,Defenders,,Sonny,Aljofree,Sonny Aljofree,https://www.manutd.com/en/players-and-staff/detail/sonny-aljofree
Under-21s,Defenders,,Maximillian,Oyedele,Maximillian Oyedele,https://www.manutd.com/en/players-and-staff/detail/maximillian-oyedele
Under-21s,Defenders,,Marcus,Lawrence,Marcus Lawrence,https://www.manutd.com/en/players-and-staff/detail/marcus-lawrence
Under-21s,Midfielders,44,Daniel,Gore,Daniel Gore,https://www.manutd.com/en/players-and-staff/detail/daniel-gore
Under-21s,Midfielders,65,Toby,Collyer,Toby Collyer,https://www.manutd.com/en/players-and-staff/detail/toby-collyer
Under-21s,Midfielders,,Sam,Mather,Sam Mather,https://www.manutd.com/en/players-and-staff/detail/sam-mather
Under-21s,Midfielders,,Tom,Huddlestone,Tom Huddlestone,https://www.manutd.com/en/players-and-staff/detail/tom-huddlestone
Under-21s,Forwards,52,Joe,Hugill,Joe Hugill,https://www.manutd.com/en/players-and-staff/detail/joe-hugill
Under-21s,Forwards,56,Charlie,McNeill,Charlie McNeill,https://www.manutd.com/en/players-and-staff/detail/charlie-mcneill
Under-21s,Forwards,,Ethan,Ennis,Ethan Ennis,https://www.manutd.com/en/players-and-staff/detail/ethan-ennis
Under-18s,Goalkeepers,50,Elyh,Harrison,Elyh Harrison,https://www.manutd.com/en/players-and-staff/detail/elyh-harrison
Under-18s,Goalkeepers,,Thomas,Myles,Thomas Myles,https://www.manutd.com/en/players-and-staff/detail/thomas-myles
Under-18s,Goalkeepers,,William,Murdock,William Murdock,https://www.manutd.com/en/players-and-staff/detail/william-murdock
Under-18s,Defenders,,James,Nolan,James Nolan,https://www.manutd.com/en/players-and-staff/detail/james-nolan
Under-18s,Defenders,,Jaydan,Kamason,Jaydan Kamason,https://www.manutd.com/en/players-and-staff/detail/jaydan-kamason
Under-18s,Defenders,,Reece,Munro,Reece Munro,https://www.manutd.com/en/players-and-staff/detail/reece-munro
Under-18s,Defenders,,Jack,Kingdon,Jack Kingdon,https://www.manutd.com/en/players-and-staff/detail/jack-kingdon
Under-18s,Defenders,,Louis,Jackson,Louis Jackson,https://www.manutd.com/en/players-and-staff/detail/louis-jackson
Under-18s,Defenders,,Harry,Amass,Harry Amass,https://www.manutd.com/en/players-and-staff/detail/harry-amass
Under-18s,Defenders,,Habeeb,Ogunneye,Habeeb Ogunneye,https://www.manutd.com/en/players-and-staff/detail/habeeb-ogunneye
Under-18s,Midfielders,,James,Scanlon,James Scanlon,https://www.manutd.com/en/players-and-staff/detail/james-scanlon
Under-18s,Midfielders,,Finley,McAllister,Finley McAllister,https://www.manutd.com/en/players-and-staff/detail/finley-mcallister
Under-18s,Midfielders,,Ruben,Curley,Ruben Curley,https://www.manutd.com/en/players-and-staff/detail/ruben-curley
Under-18s,Midfielders,,Tyler,Fletcher,Tyler Fletcher,https://www.manutd.com/en/players-and-staff/detail/tyler-fletcher
Under-18s,Midfielders,,Zach,Baumann,Zach Baumann,https://www.manutd.com/en/players-and-staff/detail/zachary-baumann
Under-18s,Midfielders,,Ethan,Williams,Ethan Williams,https://www.manutd.com/en/players-and-staff/detail/ethan-williams
Under-18s,Midfielders,,Jack,Fletcher,Jack Fletcher,https://www.manutd.com/en/players-and-staff/detail/jack-fletcher
Under-18s,Midfielders,,Jack,Moorhouse,Jack Moorhouse,https://www.manutd.com/en/players-and-staff/detail/jack-moorhouse
Under-18s,Midfielders,,Jayce,Fitzgerald,Jayce Fitzgerald,https://www.manutd.com/en/players-and-staff/detail/jayce-fitzgerald
Under-18s,Midfielders,,Jacob,Devaney,Jacob Devaney,https://www.manutd.com/en/players-and-staff/detail/jacob-devaney
Under-18s,Forwards,,Shea,Lacey,Shea Lacey,https://www.manutd.com/en/players-and-staff/detail/shea-lacey
Under-18s,Forwards,,Victor,Musa,Victor Musa,https://www.manutd.com/en/players-and-staff/detail/victor-musa
Under-18s,Forwards,,Malachi,Sharpe,Malachi Sharpe,https://www.manutd.com/en/players-and-staff/detail/malachi-sharpe
Under-18s,Forwards,,Ashton,Missin,Ashton Missin,https://www.manutd.com/en/players-and-staff/detail/ashton-missin
Under-18s,Forwards,,Gabriele,Biancheri,Gabriele Biancheri,https://www.manutd.com/en/players-and-staff/detail/gabriele-biancheri
Under-18s,Forwards,,Sekou,Kaba,Sekou Kaba,https://www.manutd.com/en/players-and-staff/detail/sekou-kaba
Under-18s,Forwards,,Ethan,Wheatley,Ethan Wheatley,https://www.manutd.com/en/players-and-staff/detail/ethan-wheatley
